zones,transfers,setup_time,run_time,total_time,error
10,10,0.01154470443725586,0.050969600677490234,0.0625143051147461,
10,20,1.1486048698425293,1.2410962581634521,2.3897011280059814,
